Dataset,Model,Loss,Positive rank,MRR,Hits@1,Hits@10,Hits@50,AUC,Test triples
YAGO,TransE,6.03402,12.8262,0.436647,0.334888,0.617155,0.985629,0.767641,176574
YAGO,DistMult,45.9918,14.0518,0.497625,0.418131,0.619947,0.970344,0.743793,176574
YAGO,ComplEx,52.2753,14.8,0.479053,0.400654,0.600819,0.961512,0.729309,176574
SemOpenAlex,TransE,1.8142,4.49008,0.78692,0.72418,0.90016,0.99626,0.93148,50000
SemOpenAlex,DistMult,9.83882,3.73286,0.837252,0.79984,0.90671,0.99953,0.94758,50000
SemOpenAlex,ComplEx,10.7943,3.80447,0.83612,0.79939,0.90405,0.99968,0.94556,50000
