Source,Alignments,Share
Strict proxy,947748,0.5398458637836853
Embedding-ranked,807842,0.46015413621631474
